"Hospital_Building_Contractors","University_Building_Contractors","Military_Contractors"
"Turner Construction","Turner Construction Co.","Fluor Corp."
"McCarthy Holdings","Whiting-Turner Contracting Co., The","Walsh Group, The"
"Brasfield & Gorrie","Skanska USA","Hensel Phelps"
"Skanska USA","Messer Construction Co.","Gilbane Building Co."
"DPR Construction","Barton Malow Co.","Lendlease"
"Robins & Morton","Gilbane Building Co.","Whiting-Turner Contracting Co., The"
"JE Dunn Construction","McCarthy Holdings","Balfour Beatty US"
"Whiting-Turner Contracting Co., The","Consigli Building Group","Turner Construction Co."
"Mortenson Construction","Clark Group","McCarthy Holdings"
"Structure Tone","Hensel Phelps","Haskell"
"Swinerton","Mortenson Construction","Brasfield & Gorrie"
"Layton Construction Company","DPR Construction","Mortenson Construction"
"Clark Group","PCL Construction Enterprises","JE Dunn Construction"
"Boldt Company, The","Balfour Beatty US","Swinerton Inc."
"Gilbane Building Co.","Sundt Construction","Sundt Construction"
"Walsh Group, The","Alberici-Flintco","S. M. Wilson & Co."
"AECOM","Shawmut Design and Construction","Alberici-Flintco"
"PCL Construction Enterprises","Beck Group, The","Heery International"
"Balfour Beatty US","Swinerton Inc.","Skanska USA"
"Batson-Cook","Structure Tone","Clark Group"
"Alberici/Flintco","Power Construction Co.","W.M. Jordan Company"
"Suffolk","JE Dunn Construction","Yates Companies, The"
"Hensel Phelps","Walbridge","PCL Construction Enterprises"
"Messer Construction","C.W. Driver Companies","Robins & Morton"
"Barton Malow","Hunter Roberts Construction Group","Hoar Construction"
"Lendlease","LPCiminelli","Allen & Shariff Corp."
"Hunter Roberts Construction Group","LeChase Construction","Walbridge"
"DeAngelis Diamond","W.M. Jordan Company","Coakley & Williams Construction"
"Weitz Company, The","Pepper Construction Group","dck worldwide"
"Kraus-Anderson Construction","BL Harbert International","HITT Contracting"
"Hoffman Construction","Suffolk Construction Co.","Burns & McDonnell"
"Power Construction","AECOM","DPR Construction"
"Leopardo Companies","Hoar Construction","Core Construction Group"
"Linbeck Group","Hoffman Construction","Jacobs"
"Pepper Construction Group","McGough Construction","BL Harbert International"
"Rodgers Builders","Holder Construction Co.","New South Construction Co."
"HSC Builders & Construction Managers","Boldt Company, The","BlueScope Construction"
"W.E. O'Neil Construction","Rodgers Builders","Consigli Building Group"
"Nabholz Construction","Walsh Group, The","Manhattan Construction Group"
"Hoar Construction","Manhattan Construction Group","Webcor Builders"
"Andersen Construction","Linbeck Group","Hill International"
"Doster Construction","Choate Construction Co.","James McHugh Construction Co."
"LeChase Construction Services","New South Construction Co.","Cumming"
"Ryan Companies US","KBE Building Corp.","KBE Building Corp."
"Sundt Construction","Core Construction Group","Choate Construction Co."
"Bernards","Kitchell Corp.","Barton Malow Co."
"Consigli Building Group","Fortis Construction",""
"CBRE","Lendlease",""
"Hagerman Group, The","Branch & Associates",""
"HITT Contracting","Andersen Construction",""
"Hill & Wilkinson General Contractors","Bette Companies, The",""
"KBE Building Corp.","Bernards",""
"Adolfson & Peterson Construction","Brasfield & Gorrie",""
"Benchmark Construction","Summit Contracting Group",""
"Skender","Layton Construction Co.",""
"Haskell","Paric Corporation",""
"Paric Holdings","Hill International",""
"Manhattan Construction Group","Hagerman Group, The",""
"W.M. Jordan Company","Bomel Construction Co.",""
"Rogers-O'Brien Construction","W.E. Oâ€™Neil Construction Co.",""
"Haselden Construction","Juneau Construction Co.",""
"Shawmut Design and Construction","Haskell",""
"Yates Companies, The","Core States Group",""
"James G. Davis Construction","WSP | Parsons Brinckerhoff",""
"Austin Commercial","Yates Companies, The",""
"S.M. Wilson","Hill & Wilkinson General Contractors",""
"EMJ Corp.","Doster Construction Co.",""
"Elford","Robins & Morton",""
"Holt Construction","Haselden Construction",""
"Millie and Severson","HITT Contracting",""
"Fortis Construction","Weis Builders",""
"EBCO General Contractor","IMC Construction",""
"Joeris General Contractors","Cahill Contractors",""
"Rockford Construction","Millie and Severson Inc.",""
"Walbridge","Austin Industries",""
"CORE Construction Group","Ryan Companies US",""
"McShane Companies, The","Level 10 Construction",""
"Clune Construction","James G. Davis Construction Corp.",""
"IMC Construction","Cumming",""
"JLL","Clune Construction Co.",""
"Cumming","Jordan Foster Construction",""
"Level 10 Construction","Webcor Builders",""
"Kinsley Construction","Coakley & Williams Construction",""
"Weis Builders","STV",""
"Choate Construction","JLL",""
"James McHugh Construction","Stalco Construction",""
"Wohlsen Construction","Kraus-Anderson",""
"BL Harbert International","dck worldwide",""
"Jacobs","Batson-Cook Co.",""
"Henderson Engineers","James McHugh Construction Co.",""
"Hill International","Wendel",""
"STV","Donohoe Construction Co.",""
"Stalco Construction","Leopardo Companies",""
"Zak Companies","Zak Companies",""
"S/L/A/M Collaborative, The","Jacobs",""
"Webcor","KCI Technologies",""
"C.W. Driver","S. M. Wilson & Co.",""
"Del Amo Construction","Shook Construction Co.",""
"Elite Team Offices","S/L/A/M Collaborative, The",""
"Executive Construction","Brownstone Construction Group",""
"Wendel","",""
"NV5 Global","",""
"KCI Technologies","",""
"Sachse Construction","",""
"Progressive AE","",""
"Hellas Construction","",""
"Wight & Company","",""
"PWI Engineering","",""
"Cordogan Clark & Associates","",""
